{
  "accuracy": 0.7430555555555556,
  "roc_auc": 0.7973612482717757,
  "confusion_matrix": [
    [
      236,
      179
    ],
    [
      6,
      299
    ]
  ]
}